playlist,track_name,artist,album,popularity
As mais mais,Ainda Bem,Vanessa Da Mata,Essa Boneca Tem Manual (Com Faixa B√¥nus),69
SERTANEJO ANTIGO üèÜ 2010/2013/2015/2016/2025,Te Assumi Pro Brasil - Ao Vivo,Matheus & Kauan,Intensamente Hoje!,41
Melhores Sertanejos de todos os tempos 2025,Baqueado - Ao Vivo,Panda,Panda Sem Modera√ß√£o (Ao Vivo),80
SERTANEJO üç∫ MAIS TOCADAS - TODOS OS TEMPOS,Nessas Horas - Ao Vivo,Matheus & Kauan,Na Praia 2 (Ao Vivo),71
Jazz moderno,That's Life,Lady Gaga,Harlequin,45
PAGODINü•Åüé∑,Pela √öltima Vez - Ao Vivo,Grupo Menos √â Mais,Pela √öltima Vez (Ao Vivo),77
1.7 do Cauakaa üî•,O AMOR DESCONHE√áO,MC Fabinho da Osk,O AMOR DESCONHE√áO,10
mtgzao,"MTG FAZ A POSI√áAO DO CANGURU , LEVANTA PERNINHA",DJ BETIM ATL,"MTG FAZ A POSI√áAO DO CANGURU , LEVANTA PERNINHA",35
MEL√ÇNCIAüçâ.,I Wanna Know,Joe,My Name Is Joe,67
BLASTIN RED.,So Be It,Clipse,Let God Sort Em Out,74
REINCARNATED.,CARTI - POP OUT,playboi carti,,0
Melhores Jazz,The Girl From Ipanema - Single Version,Stan Getz,Getz/Gilberto (Expanded Edition),61
01 DAS PURA.,Medley de Igarat√° 4,Mc Neg√£o Original,A Nata de Tudo - A Ovelha Negra,63
The Pop Out,Not Like Us,Kendrick Lamar,Not Like Us,87
GOOD ENERGY,Don't Look Back in Anger - Remastered,Oasis,(What's The Story) Morning Glory? [Remastered],75
blonded Los Santos 97.8 FM,Pretty Sweet,Frank Ocean,Blonde,61
RIDIN' IN A TANK ON 285.,PLUTOSKI,Future,MIXTAPE PLUTO,62
Every Kendrick Lamar Feature,Chains & Whips,Clipse,Let God Sort Em Out,76
KANYE UNRELEASED,THIS TIME (LAST WORDS),Mart,FORTUNE AND FAME,1
ROAD TO COMPTON COWBOY.,Not Like Us,Kendrick Lamar,Not Like Us,87
CURSANDO MELODIASüìù.,Intro,pumapjl,Naturalidade,64
M√∫sicas de churrasco em fam√≠lia (MPB),Z√≥io De Lula,Charlie Brown Jr.,"Pre√ßo Curto, Prazo Longo",71
rap üí®,Welcome to Tha Carter,Lil Wayne,Tha Carter VI,59
HOOLIGüÖ∞Ô∏èNüÖøÔ∏èSHIT.,LINDA DEMAIS,BZK OFC,LINDA DEMAIS,2
KILLIN IT.,Hot (Remix) [feat. Gunna and Travis Scott],Young Thug,So Much Fun (Deluxe),73
LIT SHIT.,Heatin Up (feat. Gunna),Lil Baby,My Turn,63
Best of Jay-Z,I Did It My Way,JAY-Z,The Blueprint 2: The Gift & The Curse,36
NUTTY.,Hussle & Motivate,Nipsey Hussle,Victory Lap,62
KRAZY.,Who Am I (What's My Name?),Snoop Dogg,Hip Hop Elite: Snoop Doggy Dogg,37
since 2000,Hot In Herre,Nelly,Nellyville,78
Hip Hop Internacional 2025 | STANS | EMINEM,Family Affair - Radio Edit,Mary J. Blige,Family Affair (Remixes),57
Hip Hop - VanDep,Bitch Please,Snoop Dogg,The Best Of Snoop Dogg,49
Gabi,Celebridade,DJ Guh Mix,Celebridade,49
So musc boas,Day-O (The Banana Boat Song),Alzheimer's Music Connect,Memories In Song,2
